id,produto,quantidade,preço,data
1,camiseta,5,35.00,01/02/2023
2,calça,8,90.00,02/02/2023
3,sapato,4,120.00,03/02/2023
4,meia,15,4.50,04/02/2023
5,cinto,10,18.00,05/02/2023
6,camisa,9,45.00,06/02/2023
7,bermuda,7,55.00,07/02/2023
8,tênis,5,130.00,08/02/2023
9,bone,14,12.00,09/02/2023
10,casaco,3,160.00,10/02/2023
11,mochila,10,70.00,11/02/2023
12,livro,20,25.00,12/02/2023
13,caderno,20,10.00,13/02/2023
14,lápis,35,1.50,14/02/2023
15,borracha,30,0.75,15/02/2023
16,cola,12,3.00,16/02/2023
17,régua,15,5.00,17/02/2023
18,pincel atômico,10,6.00,18/02/2023
19,papel sulfite A4 500 folhas,8,28.00,19/02/2023
20,pasta sanfonada,5,38.00,20/02/2023
21,fone de ouvido,7,85.00,21/02/2023
22,mouse sem fio,9,55.00,22/02/2023
23,filtro de linha,7,35.00,23/02/2023
24,cabo HDMI,12,18.00,24/02/2023
25,pilha AA,25,2.50,25/02/2023
26,luminária de mesa,5,45.00,26/02/2023
27,relogio de parede,10,22.00,27/02/2023
28,porta-retrato digital,3,110.00,28/02/2023
29,vaporizador de roupas,2,160.00,01/03/2023
30,balança digital,4,65.00,02/03/2023
31,furadeira elétrica,3,210.00,03/03/2023
32,jogo de panelas antiaderente,6,125.00,04/03/2023
33,faca elétrica,5,85.00,05/03/2023
34,sanduicheira elétrica,7,42.00,06/03/2023
35,mixer de alimentos,8,52.00,07/03/2023
36,batedeira planetária,3,310.00,08/03/2023
52,guitarra elétrica fender,4,3099.00,21/03/2023
53,amplificador de guitarra,5,809.00,22/03/2023
54,pedaleira preta,6,509.00,23/03/2023
55,cabo para instrumento ninja,12,62.00,24/03/2023
56,palheta dunlop,25,1.50,25/03/2023
57,afinador digital,8,52.00,26/03/2023
58,capotraste,10,102.00,27/03/2023
59,suporte para guitarra,9,32.00,28/03/2023
60,correia para guitarra,11,22.00,29/03/2023
61,encordoamento para guitarra,15,42.00,30/03/2023
62,violão acústico,5,320.00,01/04/2023
63,capa para violão,6,102.00,02/04/2023
64,banqueta para violão,8,72.00,03/04/2023
65,limpador de cordas,10,32.00,04/04/2023
66,flauta transversal,3,2050.00,05/04/2023
67,suporte para flauta,5,82.00,06/04/2023
68,estojo para flauta,12,10100.00,07/04/2023
70,saxofone,5,4450.00,09/04/2023
71,suporte para saxofone,6,35.00,10/04/2023
76,teclado musical casio,3,795.00,15/04/2023
77,sintetizador de voz,4,335.00,16/04/2023
78,controlador com cabo usb,5,130.00,17/04/2023
79,caixa de som jbl,3,42.00,18/04/2023
80,microfone sem fio shure,4,2050.00,19/04/2023
81,pedestal para microfone,7,155.00,20/04/2023
82,cabo para microfone,12,14.00,21/04/2023
83,caixa acústica,9,800.00,22/04/2023
85,mixer de áudio behringer,3,900.00,23/04/2023
86,fone de ouvido profissional akg,4,310.00,24/04/2023
88,monitor yamaha hs5,3,1000.00,25/04/2023
