id,produto,quantidade,preço,data
1,camiseta,5,35.90,01/06/2023
2,calça,7,85.00,02/06/2023
3,sapato,4,110.00,03/06/2023
4,meia,25,6.00,04/06/2023
5,cinto,10,18.00,05/06/2023
6,camisa,9,45.00,06/06/2023
7,bermuda,7,55.00,07/06/2023
8,tênis,5,130.00,08/06/2023
9,bone,15,12.00,09/06/2023
10,casaco,3,160.00,10/06/2023
11,mochila,10,65.00,11/06/2023
12,livro,20,25.00,12/06/2023
13,caderno,20,9.00,13/06/2023
14,lápis,35,1.50,14/06/2023
15,borracha,30,0.75,15/06/2023
16,cola,12,3.00,16/06/2023
17,régua,15,5.00,17/06/2023
18,pincel atômico,10,6.00,18/06/2023
19,papel sulfite A4 500 folhas,8,28.00,19/06/2023
20,pasta sanfonada,5,40.00,20/06/2023
21,fone de ouvido,6,85.00,21/06/2023
22,mouse sem fio,8,55.00,22/06/2023
23,filtro de linha,7,35.00,23/06/2023
24,cabo HDMI,12,17.00,24/06/2023
25,pilha AA,25,2.50,25/06/2023
26,luminária de mesa,5,45.00,26/06/2023
27,relogio de parede,10,25.00,27/06/2023
28,porta-retrato digital,3,110.00,28/06/2023
29,vaporizador de roupas,2,160.00,29/06/2023
30,balança digital,4,65.00,30/06/2023
31,furadeira elétrica,3,210.00,01/07/2023
32,jogo de panelas antiaderente,6,130.00,02/07/2023
33,faca elétrica,5,85.00,03/07/2023
34,sanduicheira elétrica,7,45.00,04/07/2023
35,mixer de alimentos,8,55.00,05/07/2023
36,batedeira planetária,3,310.00,06/07/2023
52,guitarra elétrica fender,4,2999.00,20/07/2023
53,amplificador de guitarra,5,799.00,21/07/2023
54,pedaleira preta,6,499.00,22/07/2023
55,cabo para instrumento ninja,12,59.00,23/07/2023
56,palheta dunlop,25,1.50,24/07/2023
57,afinador digital,7,49.50,25/07/2023
58,capotraste,10,99.50,26/07/2023
59,suporte para guitarra,9,29.50,27/07/2023
60,correia para guitarra,11,19.50,28/07/2023
61,encordoamento para guitarra,15,39.50,29/07/2023
62,violão acústico,5,299.50,30/07/2023
63,capa para violão,7,99.50,31/07/2023
64,banqueta para violão,8,69.50,01/08/2023
65,limpador de cordas,10,29.50,02/08/2023
66,flauta transversal,3,1999.50,03/08/2023
67,suporte para flauta,5,79.50,04/08/2023
68,estojo para flauta,12,9999.50,05/08/2023
70,saxofone,5,4359.50,06/08/2023
71,suporte para saxofone,6,32.69,07/08/2023
76,teclado musical casio,3,784.98,08/08/2023
77,sintetizador de voz,4,324.12,09/08/2023
78,controlador com cabo usb,5,124.50,10/08/2023
79,caixa de som jbl,3,39.99,11/08/2023
80,microfone sem fio shure,4,2000.50,12/08/2023
81,pedestal para microfone,7,150.50,13/08/2023
82,cabo para microfone,12,12.50,14/08/2023
83,caixa acústica,9,789.50,15/08/2023
85,mixer de áudio behringer,3,888.50,16/08/2023
86,fone de ouvido profissional akg,4,300.50,17/08/2023
88,monitor yamaha hs5,3,990.50,18/08/2023
